asin,brand,title
B000LKXRI6,Tofurky,"Turtle Island Tofurky Jurky, Peppered, 2-Ounce Packages (Pack of 12)"
B000LKZL4Y,Tofurky,"Turtle Island Tofurky Jurky, Ginger Teriyaki, 2-Ounce Package (Pack of 12)"
B000O6I9YY,Tofurky,"Tofurky, Deli Slices, Hickory Smoked, 5.5 oz"
B000O6K870,Boca,"Boca Original Chik'n Vegan Patties Made with Non-GMO Soy, 4 count Box"
B000REIDYO,Quorn,"Quorn Chicken Style Tenders, 12 Oz (Pack of 12)"
B000REIDY4,Quorn,"Quorn, Chicken Style Nuggets, 10.6 oz (Frozen)"
B000REGYRC,Quorn,"Quorn, Chicken Style, Cutlets, Gruyere, 7.8 oz (Frozen)"
B000RELUO4,Quorn,"Quorn, Chicken Style Patties, 10.6 oz (Frozen)"
B000RELUOE,Quorn,"Quorn, Chicken Style, Cutlet, Naked, 9.7oz (Frozen)"
B000REQHSS,Boca,"Boca, Burger, Vegan, 10 oz (Frozen)"
B000SKI5EU,Boca,"Boca All American Flame Grilled Burgers, 4 count"
B000SKNWG6,Boca,"Boca Spicy Chik'n Vegan Patties, 4 count Box"
B000SKNWFW,Boca,"Boca, Breakfast Links, 8 oz (Frozen)"
B000SKP4Y4,Boca,"Boca Original Vegan Veggie Burgers, 4 count Box"
B000VHRO1A,Tofurky,"Tofurky, Gourmet Sausages, Kielbasa, 14 oz"
B000VHRNY8,Tofurky,"Tofurky, Deli Slices, Peppered, 5.5 oz"
B000VHWLBS,Tofurky,"Tofurky, Gourmet Sausages, Beer Brats, 14 oz"
B000VHYMH4,Tofurky,"Tofurky, Deli Slices, Roast Beef, 5.5 oz"
B000WLXM02,Boca,"Boca Spicy Chik&rsquo;n Vegan Patties, 4 count Box"
B000WLZHCS,Boca,"Boca Veggie Ground Crumbles Made with Non-GMO Soy, 12 oz Pouch"
B000WLZHQ4,Quorn,"Quorn, Meatless &amp; Soy Free Grounds, 12 oz (Frozen)"
B000WM2WXE,Quorn,"Quorn, Meat-Free Meatballs, 10.6 oz (Frozen)"
B002DQIZRE,Field Roast,"Field Roast,  Vegetarian Grain Meat Sausages,  Mexican Chipotle, 12.95 oz (Frozen)"
B002VH4GLO,Tofurky,"Tofurky, Sesame Garlic Tempeh, Organic, 7 oz"
B0038YGNHY,Gardein,"Gardein Home-Style Beefless Tips, Protein Packed, Ready in 8 Minutes, Non-GMO Project Verified, 9 Ounce (Frozen)"
B0038YKAD2,Gardein,"Gardein Chick'n Scallopini, Meatless Protein Packed Filets, 10 Ounce (Frozen)"
B0048B305O,Tofurky,"Tofurky Vegan Roast, 1 lb. 10 oz."
B0048JG5HQ,Field Roast,"Field Roast Vegan Grain Meat Celebration Roast, 1 lb."
B004A7AEA0,Field Roast,"Field Roast, Lentil Sage Deli Slices, 5.5 oz (Frozen)"
B004CBFNX2,Tofurky,"Tofurky Brats Beer Microbrew Ale, 14 oz"
B00B03WH6Q,Gardein,"Gardein Teriyaki Chicken Strips, 10.5 Ounce - 8 per case."
B00B03WH5M,Field Roast,"Field Roast Celebration Vegan Roast, 1 Pound - 12 per case."
B00B03XAI0,Gardein,"Gardein Chipotle Lime Chicken Crispy Finger, 9 Ounce - 8 per case."
B00B04DM7I,Field Roast,"Field Roast Italian Sausage, 12.95 Ounce - 12 per case."
B00B42RE70,Field Roast,"Field Roast, Grain Meat Frankfurters, 16 oz (Frozen)"
B00CHTSZOA,Gardein,"Gardein Seven Grain Crispy Tender, 9 Ounce - 8 per case."
B00CHTTWX8,Tofurky,"Tofurky Pepperoni Pizza, 13.6 Ounce -- 8 per case."
B00CHUCPWM,Field Roast,"Field Roast Vegan Smoked Apple Sage Sausage, 12.95 Ounce - 12/case"
B00CHUCVNU,Field Roast,"Field Roast Smoked Tomato Deli Slice, 5.5 Ounce - 12 per case."
B00CHUJ87W,Field Roast,"Field Roast Mexican Chipotle Sausage, 12.95 Ounce - 12 per case."
B00CJ5SAJW,Tofurky,"Tofurky, Gourmet Sausages, Italian Sausage, 14 oz"
B00D367ZSS,Tofurky,"Tofurky Philly Steak Deli Slice, 5.5 Ounce - 6 per case."
B00DVUHEUU,Simply Balanced,Simply Balanced Lightly Salted Pre-Popped PopCorn - Gluten Free
B00FRMQL40,Simply Balanced,Simply Balanced Strawberry Fruit Strips (25 Count)
B00FSRHOQ8,Simply Balanced,Simply Balanced Pomegranate Strips (25 Count) NT WT 12.5 OZ
B00FSST10O,Simply Balanced,Simply Balanced Wild Berry Fruit Strips (25 Count)
B00FTBT9KM,Tofurky,"Tofurky, Gourmet Sausages, Spinach Pesto, 14 oz"
B00FVZADG0,Simply Balanced,Simply Balanced Fruit Twists - Strawberry Mango (6 Count)
B00FVZE49M,Simply Balanced,Simply Balanced Twisted Fruit Ropes - Raspberry Lemonade (8 Count)
B00FW1E8C8,Simply Balanced,Simply Balanced Gluten Free Fusilli Corn &amp; Rice Pasta (12 Oz)
B00HTE7SM8,Simply Balanced,2 Pack - Simply Balanced Natural Wild Berry Fruit Strips 25 ct
B00IKRWJ4K,Beyond Meat,"Beyond Meat, Grilled Chicken-Free Strips, 12 oz"
B00IKRWJAO,Beyond Meat,"Beyond Meat Lightly Seasoned Chicken-Free Strips, 12 oz"
B00IVMG0Y4,Simply Balanced,"Simply Balanced Organic Green Tea Soothing Ginger, 1.27 Oz, 20 Count"
B00J1ZNSO0,Beyond Meat,"Beyond Meat, Beefy Beef-Free Crumbles, 10 oz (Frozen)"
B00J1ZNXK4,Beyond Meat,"Beyond Meat, Southwest Style Grilled Chicken-Free Strips, 9 oz (Frozen)"
B00J1ZNZ7A,Beyond Meat,"Beyond Meat, Grilled Chicken-Free Strips, 9 oz (Frozen)"
B00J1ZNSN6,Beyond Meat,"Beyond Meat, Feisty Beef-Free Crumbles, 11 oz (Frozen)"
B00J1ZNXW2,Beyond Meat,"Beyond Meat, Lightly Seasoned Chicken-Free Strips, 9 oz (Frozen)"
B00J1ZNXL8,Beyond Meat,"Beyond Meat, Southwest Style Grilled Chicken-Free Strips, 12 oz"
B00KOBOTPC,Tofurky,Turtle Island Foods Tofurky Italian Sausage with Sun-Dries Tomatoes and Basil 14 OZ (Pack of 5)
B00KOBOQOQ,Tofurky,Turtle Island Foods Tofurky Beer Brats 14 OZ (Pack of 5)
B00LXV74FO,Gardein,"Gardein Classic Meatless Meatballs, Protein Packed Goodness, Ready in 8 Minutes, 12.7 Ounce (Frozen)"
B00LXV749K,Gardein,"Gardein Meatless Crispy Chick'n Patties, Protein Packed Patties, 4 Count (Frozen)"
B00LXV78GE,Gardein,"Gardein Ultimate Beefless Burger Meat Free Protein Packed Patties, Ready in 3 Minutes, 4 Pack (Frozen)"
B00LXV74H2,Gardein,"Gardein Teriyaki Chick'n Strips, Meatless Protein Packed Strips, Ready in 5 Minutes, Contains Sauce Packet, 10.5 Ounces (Frozen)"
B00LXV73KA,Gardein,"Gardein Good Start Meatless Breakfast Patties, Meatless Protein Packed Patties, 6 Count (Frozen)"
B00LXV73BO,Gardein,"Gardein Ultimate Beefless Sliders, Meatless Protein Packed Sandwiches, 4 Count (Frozen)"
B00LXZTUW0,Gardein,"Gardein Chipotle Black Bean Burger Meatless Protein Packed Patties, Gluten Free, Ready in 8 Minutes, Non-GMO Project Verified, 4 Pack (Frozen)"
B00LXZTR82,Gardein,"Gardein Garden Veggie Burgers, Meatless Protein Packed Patties, Non-GMO Project Verified, 4 Pack (Frozen)"
B00LXZTNOA,Quorn,"Quorn, Sausage Patties, 7.8 oz"
B00LXZTZSE,Gardein,"Gardein Lightly Breaded Turk'y Cutlets with Homestyle Gravy, Meatless Protein Packed Patties, Contains Sauce Packet, 4 Pack (Frozen)"
B00LXZTUY8,Gardein,"Gardein Mini Chick'n Sliders, Meatless Protein Packed Sandwiches, Breaded, Ready in 3 Minutes, 4 Pack (Frozen)"
B00LXZTWK0,Gardein,"Gardein Szechuan Beefless Strips, Meatless Protein Packed Strips, Contains Sauce Packet, 10.6 Ounce (Frozen)"
B00LXZTR96,Gardein,"Gardein Golden Fishless Filets, Fish Free, Meatless Protein, 10.1 Ounce (Frozen)"
B00LXZU03S,Gardein,"Gardein Mandarin Orange Chick'n, Meatless Protein Dish, Ready in 8 Minutes, Contains Sauce Packet, 10.5 Ounces (Frozen)"
B00M8F2F6C,Simply Balanced,Simply Balanced Organic Coconut Palm Sugar 16 Oz Bag
B00N385J8Y,Gardein,"Gardein Beefless Strips, 10 Pound - 1 each."
B00N385OAC,Gardein,"Gardein Beefless Tips, 10 Pound - 1 each."
B00N3861T0,Gardein,"Gardein Meatless Meatballs, 1.59 Ounce - 100 per case."
B00N4W01L4,Simply Balanced,"Simply Balanced Dried Strawberries, 4oz"
B00OX70PRO,Beyond Meat,"BEYOND MEAT CHKN FREE GRILLED, 12"
B00OX70RCC,Gardein,"Gardein Szechuan Beefless Strips, 10.6 Ounce - 8 per case."
B00RQUVBY6,Beyond Meat,"Beyond Meat Grilled Chicken Free Strips, 9 Ounce - 6 per case."
B00SUQBF0K,Tofurky,"Tofurky, Vegetarian Feast, 3.5 lb (Frozen)"
B00SUQBDXE,Tofurky,"Tofurky, Smoky Maple Bacon Marinated Tempeh, 7 oz"
B00SUQBEXS,Tofurky,"Tofurky, Vegetarian Roast, 26 oz (Frozen)"
B00SUQLCG2,Tofurky,"Tofurky, Deli Slices, Oven Roasted, 5.5 oz"
B00TFXEUXG,Beyond Meat,"Beyond Meat, Beast Burger, 8 oz (Frozen)"
B00TRGFE9K,Gardein,"Gardein Meatless Meatloaf, 12.7 Ounce - 8 per case."
B00TRGFIQO,Gardein,"Gardein Golden Fishless Filet, 10.1 Ounce - 8 per case."
B00TRGHJZ2,Field Roast,"Field Roast, Meatless Burger, 13 Ounce"
B00WN5F9RE,Field Roast,"Chao Cheese - Creamy Original, - 140 oz Case (4 Packs of 50 Slices)"
B00ZGT2Q8O,Gardein,"Gardein Mandarin Orange Chicken Crispy, 10.5 Ounce - 8 per case."
B00ZIG3G3O,Beyond Meat,"Beyond Meat Beyond Chicken Homestyle Tenders, 9 oz"
B012BMOD84,Gardein,"Gardein Lightly Seasoned Chickn Scallopini, 10 Ounce - 8 per case."
B012BMQ91S,Gardein,"Gardein BBQ Pulled Porkless Pocket Meal, 14.1 Ounce - 6 per case."
B012BMYPO6,Field Roast,"Field Roast Creamy Original with Chao Tofu Chao Slice, 7 Ounce - 12 per case."
B012BMYQQI,Field Roast,"Field Roast, Alternative Cheese Chao Cnut Herb Sliced, 7 Ounce"
B012BMYS8Y,Field Roast,"Field Roast Chao Cheese Slices, Tomato Cayenne, 7 Ounce"
B012BN2ONE,Beyond Meat,"Beyond Beast Sliders, 1.33 Ounce, 6 Pack"
B015DACCZM,Beyond Meat,"Beyond Meat Beef Free Beast Burger, 8 Ounce - 10 per case."
B017L4D7LG,Beyond Meat,"Beyond Chicken Free Feisty Buffalo Poppers, 9 Ounce -- 6 per case."
B018SRI8BY,Gardein,"Gardein Sweet and Sour Porkless Bites, 10.5 Ounce - 8 per case."
B018SRI7FQ,Gardein,"Gardein Mini Crabless Cakes, 8.8 Ounce - 8 per case."
B01A5TF4FG,Sweet Earth Natural Foods,"Sweet Earth Natural Foods Protein Lovers Meatless Burritos, 6 Ounce - 12 per case."
B01BM9GQVY,Field Roast,"Field Roast Deli Slices, Smoked Tomato, 5.5 oz (Frozen)"
B01CR5HN1E,Field Roast,"Field Roast, Chao Vegan Slices Creamy Original, 7 oz"
B01CTR2PLS,Beyond Meat,"Beyond Meat Beef Plain Crumble, 5 Pound - 2 per case."
B01CTR3DLE,Beyond Meat,"Beyond Meat Beef Beefy Crumble, 5 Pound - 2 per case."
B01CTR35OO,Beyond Meat,"Beyond Meat Sausage Italian Crumble, 5 Pound - 2 per case."
B01D9DHLNS,Simply Balanced,"Simply Balanced Fruit Strips Strawberry, Apricot &amp; Wild Berry Variety Pack, 48 - 0.5 oz Strips"
B01DOAQ7KE,Tofurky,"Tofurky, Deli Slices, Bologna, 5.5 oz"
B01DOB31XY,Tofurky,"Tofurky Slow Roasted Bbq Style Chick'n, 8 Ounce (Pack of 5)"
B01EVO3OAS,Tofurky,"Tofurky Veggie Burger Hearty Hemp, 10.5 Ounce (Pack of 6)"
B01G82R9ZW,Gardein,"Gardein The Ultimate Beefless Ground, 13.7 Ounce - 8 per case."
